https://www.cnn.com/,1048MB,93,text/html
https://www.cnn.com/us/crime-and-justice,1048MB,162,text/html
https://www.cnn.com/business,1048MB,32,text/html
https://www.cnn.com/business/media,1048MB,87,text/html
https://www.cnn.com/election/2024,1048MB,22,text/html
https://www.cnn.com/business/videos,1048MB,88,text/html
https://www.cnn.com/markets/after-hours,1048MB,93,text/html
https://www.cnn.com/account/settings,1048MB,138,text/html
https://www.cnn.com/entertainment/celebrities,1048MB,147,text/html
https://www.cnn.com/markets,1048MB,73,text/html
https://www.cnn.com/interactive/life-but-better/,13MB,21,text/html
https://www.cnn.com/world/europe,1048MB,171,text/html
https://www.cnn.com/world/china,1048MB,173,text/html
https://www.cnn.com/world/australia,1048MB,172,text/html
https://www.cnn.com/audio,39MB,170,text/html
https://www.cnn.com/specials/investing/before-the-bell,1048MB,56,text/html
https://www.cnn.com/world/india,1048MB,155,text/html
https://www.cnn.com/live-tv,0MB,0,text/html
https://www.cnn.com/business/tech,1048MB,89,text/html
https://www.cnn.com/markets/fear-and-greed,1048MB,149,text/html
https://www.cnn.com/politics,1048MB,119,text/html
https://www.cnn.com/style/design,1048MB,31,text/html
https://www.cnn.com/world/asia,1048MB,182,text/html
https://www.cnn.com/business/investing,1048MB,87,text/html
https://www.cnn.com/world,1048MB,148,text/html
https://www.cnn.com/account/my-news?iid=fw_var-nav,1048MB,138,text/html
https://www.cnn.com/markets/premarkets,1048MB,93,text/html
https://www.cnn.com/world/americas,1048MB,173,text/html
https://www.cnn.com/health,1048MB,155,text/html
https://www.cnn.com/style,1048MB,21,text/html
https://www.cnn.com/world/united-kingdom,1048MB,167,text/html
https://www.cnn.com/business/financial-calculators,1048MB,91,text/html
https://www.cnn.com/opinions/opinion-social-issues,1048MB,181,text/html
https://www.cnn.com/opinions,1048MB,172,text/html
https://www.cnn.com/us,1048MB,159,text/html
https://www.cnn.com/world/middle-east,1048MB,173,text/html
https://www.cnn.com/entertainment/tv-shows,1048MB,147,text/html
https://www.cnn.com/opinions/opinion-politics,1048MB,170,text/html
https://www.cnn.com/style/arts,1048MB,30,text/html
https://www.cnn.com/travel,1048MB,49,text/html
https://www.cnn.com/entertainment,1048MB,148,text/html
https://www.cnn.com/entertainment/movies,1048MB,148,text/html
https://www.cnn.com/world/africa,1048MB,157,text/html
https://www.cnn.com/weather,1048MB,140,text/html
https://www.cnn.com/business/markets-now,1048MB,188,text/html
https://www.cnn.com/health/life-but-better/fitness,1048MB,189,text/html
https://www.cnn.com/health/life-but-better/mindfulness,1048MB,165,text/html
https://www.cnn.com/us/energy-and-environment,1048MB,203,text/html
https://www.cnn.com/politics/supreme-court,1048MB,166,text/html
https://www.cnn.com/us/space-science,1048MB,206,text/html
https://www.cnn.com/health/life-but-better/sleep,1048MB,166,text/html
https://www.cnn.com/health/life-but-better/food,1048MB,167,text/html
https://www.cnn.com/health/life-but-better/relationships,1048MB,166,text/html
https://www.cnn.com/business/tech/mission-ahead,1048MB,168,text/html
https://www.cnn.com/videos,1048MB,54,text/html
https://www.cnn.com/business/tech/innovate,1048MB,177,text/html
https://www.cnn.com/business/tech/foreseeable-future,1048MB,159,text/html
https://www.cnn.com/politics/fact-check,1048MB,161,text/html
https://www.cnn.com/business/tech/innovative-cities,1048MB,179,text/html
https://www.cnn.com/business/markets/nightcap,1048MB,76,text/html
https://www.cnn.com/sport,1048MB,161,text/html
https://www.cnn.com/politics/congress,1048MB,153,text/html
https://www.cnn.com/business/work-transformed,1048MB,175,text/html
